temperature_F,vibration_mm_s,pressure_PSI,runtime_hours,humidity_%,failure
79.9671415301123,3.92617754753164,36.99677718293,2389.18053808332,33.2482172502562,0
73.6173569882882,4.90941664047013,34.6231684145638,1724.40714183573,38.5548132928448,0
81.4768853810069,1.60143242618086,30.2981518496009,1590.90055828885,32.0758007900004,0
90.2302985640803,3.56296923669057,26.7653161114721,1998.31277129452,36.9203847036096,1
72.6584662527666,2.34935743087817,33.491116568068,1914.90768873754,21.0638533304621,0
72.6586304305082,2.5128746162353,31.9674269271087,1773.38597533636,42.1329370737294,0
90.7921281550739,2.40760607576113,34.4759661001387,2348.19372372836,40.0120547536222,1
82.6743472915291,2.13600923032018,33.1758590084098,2477.65260428526,31.8291136893181,1
70.3052561406505,3.04852162794483,35.2477635765967,2044.20344314592,46.5924566843241,1
80.4256004358597,2.16904988358896,27.3238239421972,2738.76504052763,49.3757013762656,1
70.3658230718754,3.27045682577984,36.5869703281716,1429.15544293325,23.9244013563103,1
70.3427024642974,2.94976189055086,30.987998023462,1903.17027036014,32.3727522143379,0
77.4196227156603,2.76105195313359,40.3763043631263,1641.5888396986,32.308576502127,0
55.867197553422,2.0924363379584,26.5540609095522,1066.73169146347,30.6009689889114,1
57.7508216748697,2.42322866943167,38.6798190158263,1958.65965707865,48.2947484193175,0
69.3771247075903,3.75539122582576,30.9895539173132,1939.12624580836,38.061738612272,1
64.8716887966558,3.50091718762438,26.7429099819278,2756.72487162107,37.3548515868939,1
78.1424733259527,2.02244475520145,27.5805708297284,2315.40584227739,19.9613763559325,1
65.9197592447879,3.09933230542923,28.3982634590284,1487.9065878354,46.3541803020923,1
60.8769629866471,3.75138712337179,32.1208297320096,2927.04628316709,27.6074160514653,0
89.6564876892155,1.33059471887863,32.6141774401775,2610.51684776268,40.5993263026633,1
72.7422369951347,3.54336019237994,27.1314999803071,2291.04885173431,42.7737693795819,1
75.6752820468792,2.33737624105415,29.8782270386951,1886.75795057508,53.6065859583865,1
60.7525181378654,3.57059866859316,40.7113517930593,1520.28038163826,26.9117960088089,0
69.5561727547482,2.23674084345748,38.6377158505036,1813.89661196447,9.80487844179175,0
76.1092258970987,1.19511789933548,32.1816183483702,2544.37430985209,41.838495447537,0
63.490064225777,1.37245756211684,30.190017390841,2942.2931529673,58.0051118151085,0
78.7569801834567,3.04808494666138,30.6001566335913,2771.62176413609,52.3894635293944,0
68.993613100812,3.25972250172148,33.0675898636521,1755.57528910686,42.0965941527463,0
72.0830625020672,2.09568337489559,24.886037174008,1440.19128335549,35.0836381436795,1
68.982933877706,3.63859245877737,28.7131173128833,2070.4431234556,48.0712259663731,1
93.5227818450894,1.33847993773104,21.6570796306121,1115.78031721857,30.2645380029553,0
74.8650277526207,2.93392020135268,31.9961156130264,2161.58385709239,44.7635776935622,1
64.422890710441,1.78898380023754,33.2359796985137,1926.19870685067,45.0547015916663,1
83.2254491210319,2.34816389219784,27.5840676885031,1766.98174906588,50.6020990749888,0
62.7915635002898,3.04739867131641,37.8699338164502,1202.6484663666,67.5966003891108,1
77.0886359500476,2.13958663471605,23.8711716849883,2256.80005328486,43.9241596717877,1
55.4032987612022,2.61544445577017,22.6781255989509,1733.64958016904,34.910363742925,0
61.7181395110157,4.00629280921444,31.1222590927999,1415.04158214486,39.7442568780801,0
76.9686123586912,2.42310813047685,35.2354915130608,563.868893359175,22.3092409511088,0
82.3846657999541,3.83569211206514,38.4196384572893,1986.24254747468,33.0528686891094,0
76.7136828118997,1.87029314534238,27.7055786856553,2886.12579833487,35.907175618869,0
73.8435171761176,3.52980417791528,35.3934041671565,2830.62960727394,34.7591160206541,1
71.9889630441071,4.4415686206579,29.8074576524965,1771.45187170686,41.5235487203372,1
60.2147800963257,0.528355499872711,29.1368635002959,1698.89396981911,31.775800676178,0
67.8015579160529,2.20310474452952,34.4182996874334,2234.38712803751,51.2103066732447,1
70.3936122904021,3.57707212718054,33.2616143920671,1500.80728040585,40.002070649182,0
85.5712222621892,2.79695461395701,22.1180392150788,2150.89594990973,39.9069967886139,0
78.4361828956846,3.37114587337131,37.3827017486295,2383.04013919235,36.7210528348708,1
57.3695984463727,2.39601481328418,36.9004567707373,2613.46661194215,41.5519068385898,1
78.240839693948,3.0865897874729,26.8721864924524,1949.92296176002,48.2509826466764,1
71.1491771958368,2.84432276460792,31.979017667187,1898.16312491152,31.328697842891,1
68.2307799969404,4.16778206165981,32.4701509314137,1561.00870662172,33.4188351092474,0
81.1167628884087,3.25442084330121,31.3033688291195,1586.55982298007,36.9627397122334,1
85.3099952249595,3.3376026620752,27.2484742307729,1886.76055404924,26.5412907652679,1
84.312801191162,2.58812303387753,26.6418831603097,2183.68275340809,31.807421402785,1
66.6078247677736,2.51239377592751,29.8722296450428,2456.79231311663,35.2377912645534,1
71.9078762414879,2.56744181218038,35.8636450962968,1598.41052465983,48.7438918071273,0
78.3126343140356,3.3944521423783,32.7180007729722,2746.34428447976,42.6256132900193,1
84.7554512712236,2.57901551917974,28.1469283395695,1864.43819947872,41.9358991136755,1
70.2082576215471,3.28977485689641,33.8584935532417,1989.31635282578,48.5089796216797,0
73.1434102333618,5.07540079864544,15.7572868968496,1626.39416042609,38.626282116006,0
63.9366502599397,3.87112470343169,35.7438285018605,787.879869863529,43.9046484992889,0
63.0379337591933,2.67397646783216,21.3014311061095,2442.02269818053,38.967782470675,1
83.125258223942,4.20121392216394,28.1877952929843,2368.42194854622,42.6536234939963,1
88.5624002857082,2.59192462697845,24.4016505268693,1859.33622144089,34.1724134238842,1
74.2798987841967,0.961875464822146,23.5265926213955,2033.49535861244,15.6118284172357,1
85.0353289789202,1.9919136890826,35.8041339368926,2257.96960885205,38.657208378137,1
78.6163602504764,1.12920807897414,27.6614939934405,1218.72707155673,54.2274813609994,0
68.5488024539488,2.64848651595869,31.7325194086536,1735.47366132685,49.2621540224159,0
78.6139560550842,3.01841837918955,29.7653971056041,2397.13233981091,49.6539748459117,0
90.3803656646597,4.67643731227528,32.3852041361156,1372.85528841538,52.3613072180622,0
74.6417396089005,3.32692737376416,30.3841094553013,2146.77896608331,40.8865759096144,1
90.6464365581401,2.78089947119114,23.5850388790572,1321.7090976883,41.973157074056,0
48.8025489591026,3.82940558118349,34.9813340972357,2233.21499121676,33.8234810456565,0
83.2190250437522,0.788864690992115,27.5312170841934,1982.17925885126,36.8392714397295,0
75.8704706823817,3.23561455810857,22.2170905067012,1192.43409204725,46.1577114977114,0
72.0099264953413,3.77086519388697,27.8594241951704,2582.36967722859,52.0388443716882,1
75.917607765355,1.52141375422016,37.5037989531716,1632.70421160098,38.60553724319,1
55.1243108539911,4.14375404320693,34.2511087105675,1594.87378149281,35.4981073514859,1
72.8032811216249,3.33849640749441,28.2567393279607,2100.28459861547,40.005279588566,1
78.5711257151175,2.5847120860992,28.2537114784079,2574.31867471436,46.0120674892912,0
89.7789404474152,3.63278186610629,28.3918247439131,1492.0890905108,25.5614518386646,0
69.8172978172635,5.2706928578044,40.3837399178042,2030.83992492399,17.0381904686276,1
66.9150639710681,3.1818662550585,31.9096772611578,2214.40825016529,34.4946315050842,1
69.9824295641546,3.24822058630034,32.1502082359554,2346.55280363157,27.7928757408584,1
84.1540211770207,2.54063910045976,35.1514172701592,2088.22077763861,34.9185980235269,0
78.2875110965968,2.15015563053521,31.1939457951326,1816.48608045834,38.5221968118253,0
69.7023979623296,3.83033581654425,28.7047892708965,1586.20488967564,35.4675159097699,1
80.1326743311336,2.14391617409113,29.0182507545751,2043.07194152319,54.5246753447075,0
75.9707754934804,3.07156623721939,29.6419937029297,1463.9304940072,43.2674476460232,1
84.6864499053289,2.52234255323488,29.8138888174508,539.324758252696,43.0047435961083,1
67.9794690612265,3.47897982574639,33.6381477181849,2218.27990207883,46.222071440434,1
71.7233785340223,3.33366210528695,30.2597294290365,2451.9674205431,28.6116688221923,1
71.0789184686784,4.0375399442579,33.6632003860779,818.533782229081,50.3911178742027,1
60.3648505186788,2.48998360114525,29.5964170994571,1495.13464764503,39.2423571346454,0
77.9612027706458,2.73012506470663,30.3931759515805,2309.5771305026,46.7048061724121,0
77.6105527217989,2.02123628421769,20.0089965773395,3028.74773485585,29.2814276695984,0
75.0511345664246,2.55570673992389,34.5816383735124,2010.3968538377,24.4624123398394,0
72.6541286662485,3.37730049304485,31.73244237949,1635.99852938543,48.1788965802503,0
60.8462925794959,3.75698861664535,34.9900505492983,1908.55177944758,43.7640952609752,1
70.7935467723464,2.07783467582237,15.5187231090316,2687.43820957409,30.9794844564249,0
71.5728548347323,3.86960592010566,40.4418735239036,1677.01791043773,31.3033691872531,1
66.9772273077838,4.35563785880495,29.3020518592241,1600.40399667487,51.2543478441477,1
73.3871428833399,3.4134349032237,35.5409140836876,1758.62823890898,28.1058810713267,0
79.0405085681454,4.87679581255807,24.8004703643723,1523.33569587064,56.4267295325596,0
93.8618590121053,2.22621080089643,33.0638695253128,2061.3351579974,30.9937926535213,1
76.7457781283184,1.75534529668858,24.7329221841317,2812.33922923478,46.3839192560838,1
77.5755039072276,1.22127975109572,26.881155196521,2161.53963655801,36.7138152425102,0
74.2555408423383,4.49604431148918,39.5701567693339,1873.82324893686,46.0318743108234,0
55.8122878470096,3.65436565635406,29.0465879961833,1854.09436554223,34.5588599788581,0
74.7348612455078,2.94441532908954,31.0871643658986,1218.40459565167,38.3720709392771,0
75.6023020994103,3.27996862631982,34.3503386534438,2441.55488857358,40.4091917539572,1
99.6324211248529,1.87451095270162,32.478409439863,1961.0814014936,29.9781254421853,1
73.0763903521888,5.44575197961683,30.7520945257179,1909.76004320469,47.4082434542013,1
78.0154734233361,3.12922118197523,31.8248050123311,3596.55378392243,34.8678643352841,1
74.6528823029476,3.10939479460489,42.0170779261914,2149.37645418284,37.7140008465998,0
63.3132196238047,3.72576662389869,29.7119060148321,1624.10447495241,30.0565062539149,0
86.4282281451502,3.48100923173671,31.0054952335748,1786.82120189723,14.3766634120469,0
82.5193303268678,3.22388402427913,35.2532719800381,2574.22285459838,38.0897223739983,1
82.9103194704305,2.20952554455469,35.5276296647899,2056.63520526888,64.1261542161292,1
65.9061254520526,3.471468357136,35.9351515278019,1280.86101084132,47.8460428789802,1
89.027943109361,4.88202449647503,33.1936511101459,2459.6144672876,39.8073962026561,1
60.9814893720772,4.34542004615498,24.2849754363476,1665.9279572305,37.3710917079173,0
80.8685709380027,4.5931866266394,38.1671576615055,2936.64888810877,40.2246589281205,1
96.9045562580998,2.48878432356881,24.2682730349066,2540.02403285732,45.4711911517521,1
65.0946367486931,2.01039517974142,31.5131773261952,1776.33905217062,28.1918718469116,0
69.3370227039723,2.87421307990035,26.2286207499032,2640.50818086756,51.1432169466887,1
75.9965136508764,3.05572491228869,29.679308267035,2033.9277552637,47.1538131544124,1
69.965243458838,4.09419151847095,31.6438120515174,2426.38683756111,47.1818572570793,1
59.4933656893387,1.30753537028518,31.6067860772514,2242.36640864724,44.3847573880973,0
75.6856297480603,4.52955031946061,32.1096037711764,1576.82167250456,40.1961665769399,1
64.376962862739,2.84199210142101,38.0685563452932,1678.22508384127,46.7286123596682,1
79.7359243063518,2.57311893005258,32.2676715075699,2514.98040879058,45.9181413374138,0
65.805757657662,1.98789562473983,28.7792168235468,1832.61233394673,36.4595928905898,1
90.4993440501754,1.34514332813423,34.8204358414418,1798.175768379,34.263982271031,0
67.1674670766376,3.82317058396191,35.9473524446232,1522.43871032532,41.0185629526199,0
71.7793848379432,3.0733179671884,23.861960924315,2211.79953279673,55.4902015149519,0
83.1351721736967,1.71003910025895,32.9870003492493,3031.26245962157,27.608929243461,1
62.6913568356605,1.70492122793638,33.5058637115545,1466.23354287286,25.3247473424756,0
77.2745993460413,2.66421530070987,28.5121824832,2012.10972833638,41.6476084123652,0
88.0714275428243,4.66902152528939,36.8785340665581,2706.11027770772,40.5088770185602,0
58.9251676543877,2.7404086486364,29.2497220648374,1960.17930437714,41.7334166437041,0
76.846338585323,1.49685704688189,30.6278822673577,2226.18589812487,42.439531979085,1
77.5988279424842,2.75425693591406,29.1346408785807,1468.80323592656,37.767977453652,1
82.8182287177731,2.72727643025233,30.0778952379073,2214.15354860382,54.8986343860208,0
62.6304928912192,0.303113357058428,24.518624565524,1906.42786749773,23.9909602152348,1
61.7954338691572,2.94570513348219,22.7997455870285,2492.86499783993,31.7150297521975,0
80.219415656169,2.76906546979132,37.9725253161249,2593.69302578238,38.9674523985095,0
77.9698467323319,3.69620636481342,25.7651932584084,3294.78182100931,23.5681118884583,1
77.5049285034588,4.84895609494535,25.0430382527185,2289.81658660679,38.2414559556793,1
78.4644820949698,4.12656502954776,19.2330494319814,2162.89815829108,56.6147016572802,0
68.1997527842151,2.73111130944517,26.8051912615525,2097.19215078867,40.2088648829596,0
77.32253697161,1.89347409125833,23.3845510329625,1823.41685359466,42.3070090571868,1
77.9307247329868,5.57335980324986,38.2100758006819,2169.24192173085,27.3983523482742,1
67.8564858197363,3.05921843401449,35.0490854467132,1852.29929493049,33.8363859196052,1
93.6577451114476,3.01392929191295,26.5592482741114,2084.23048813481,36.2480361967606,0
79.7383292091179,2.97587491289,41.2621790267215,2658.79876780398,36.8228490324377,0
63.0869650279735,3.19808476076786,34.908827434958,1496.72871736018,52.8164379500377,1
81.5655360863383,2.85563958807606,28.3758430824569,2569.93928056452,45.5769106072512,0
65.2531832977268,2.42633799311976,17.5029714256321,2658.55753366993,28.8854204306297,0
82.8708460374245,2.45314105875961,41.4547128629537,1940.96573650446,42.4650477843201,0
86.585955790074,2.967246729784,23.052137666182,939.072550495703,44.9822174849679,1
66.7931768164829,2.45657522886624,21.7730062652155,1696.08900645278,51.4014903852127,1
84.6337612924432,2.28715421732284,35.1128521600482,2648.49727328055,55.8054068656837,0
79.127809269365,3.1064302276919,42.1987620316964,1988.56596885056,29.8490580817213,1
83.2206015999449,2.74502278257914,36.9213640925526,1500.34888385254,31.8914248878966,0
93.9679298265395,4.50399298858269,32.8195456002618,1747.61253938589,27.4242214108538,0
72.5461188399713,0.349030191606988,32.9737717083264,2420.31001325228,37.6598014089302,0
67.4626383564251,4.09150685192246,34.2670777939015,2273.36678410069,44.6635837444633,1
66.1048557037448,4.24608519249763,33.7946429489338,1880.53395041515,49.873345165891,1
66.8418971503456,0.926609767591851,31.4059571198469,1816.58779409266,39.2404897635748,0
74.228982905859,2.65731240591965,30.5210055197594,1804.12092547809,36.8015247674516,0
78.4115197481664,2.62855913400421,29.6870343605024,1538.79490775075,41.5175799224874,0
77.7669079933002,1.59248830528218,26.2301770556666,2807.68784473472,31.6485709836998,0
83.2718324903602,2.22218331240912,28.5966246156661,1838.83976539433,60.8953872169477,0
75.1300189187791,1.88942415453417,21.5352159290231,2608.57926041275,23.9233897288194,1
89.5353407715732,4.75227044342362,29.5083018660263,2760.65802596123,41.8474057889572,1
72.3534316676204,3.93567839314746,25.0570444642454,2499.15544907398,60.2360621922964,0
102.201691665896,4.27155509499416,24.4820534139211,1784.18984364098,40.0679984456,1
81.2566734776501,3.72167206404324,30.8994707557674,2201.8650451683,38.0996096499851,0
66.4284244358372,1.87094822878277,36.960011431723,1987.90219680454,36.4255457718957,1
64.2910750193889,2.47547973372023,34.5915830300116,1548.14906963494,38.1960831823759,1
79.8247241524319,3.48937456122792,22.1474969818841,2162.1796408608,53.7284847467653,1
72.7653721467415,1.77787219110805,25.0518593171483,1410.4801044201,17.8813808867049,1
82.1400049409209,3.71299843017239,34.7038559399411,2593.83969423078,55.3343370129633,1
79.7323762457355,2.75967460184186,25.0875630323085,1767.6913513508,25.7604284754986,1
74.2717108734313,2.6251791924504,28.8768342500149,2100.57982793642,37.3334767076559,0
66.532062819316,3.71095996820349,32.7502604951228,2141.64393577307,35.7075557970134,1
59.8515277531414,3.44426331148604,25.1582777256818,1870.54751314796,45.8855326977072,1
70.5348504793298,2.63903383418092,30.5268775307298,2293.34690073764,24.0187564811625,1
83.5639879432347,4.15932980336425,23.329872525409,1762.54817168874,44.6217266608194,0
77.140937441302,1.9189366724001,26.9931617802439,2435.64864872862,60.2430962328685,1
62.5426122128801,3.61593560694426,31.5989096707127,1327.01015987663,26.3682599540719,1
76.7318092585118,3.59310125796838,22.0350313323417,2063.18978977321,41.897061676104,1
78.8531737972884,2.69045356068601,32.202373689802,2969.46449952914,33.3801782220339,0
66.1614256379887,3.32613302224212,29.9018110053666,1499.83433769721,44.2588720619304,1
76.5372510594553,1.7488864236147,32.7624497720857,1661.12751473757,40.1914777741575,1
75.58208718446,3.9240270192069,31.1195706703233,2256.95392482946,33.5851309095569,0
63.5702970216938,2.81509786355701,36.8207021498692,2089.7908909698,44.8787228487107,1
78.5778736034828,2.47727697948096,30.6261225132395,2175.31504963678,58.0434810978674,1
80.6078452636824,4.04900922583689,27.8529722943737,2244.59356507383,38.090962082727,0
85.8305124317528,2.29565630945724,30.6114875151614,2317.36073428089,47.1975794214818,1
85.538020520349,1.59153870363644,32.7164901451819,2554.84992097811,27.0672704212884,1
61.2233063204291,1.4433708264761,30.2443003516285,2204.90932846426,30.4356362318199,0
65.6217496008488,3.60600995134564,30.2029584560194,1879.37117269073,44.7240627788038,1
80.1503526720866,1.71957064750372,26.4900415609662,2336.28685060137,54.8411602853597,1
80.1378595091221,4.75479418198437,26.6854954122453,2949.94096744761,43.5561334878566,0
80.1504768630605,0.918070592116278,22.9869736410015,1933.68312680871,36.8694196947685,0
113.527314906547,4.69645636829004,38.7478837159347,1512.73534766468,39.9929140542335,0
80.7089051069317,3.21101746720262,23.7806838230436,2553.54033464349,27.4959226603028,1
86.355656401806,2.90328688812961,26.5354740110205,1939.8094180232,46.0451532635537,0
84.540017634932,2.45508091319105,26.407963672154,913.665226992982,48.8233306232341,0
81.513912513058,3.39913611435207,34.4746218847222,2423.71083857521,35.4790966716692,0
71.8473075535966,2.96236529757515,28.5252516085399,1732.33590702304,35.299578522405,1
82.5896922049327,4.10330188201652,36.2387103633687,1954.73335884792,42.6587822965205,1
67.2717478546243,3.11422764866204,26.6325468787807,2165.99016528451,35.6328026395941,0
72.6318139325999,3.15030176146188,31.394970811119,2095.24983988953,39.3386738537418,0
70.146364521709,2.63638778778614,25.8232647337012,2354.72590856952,60.9972178916652,0
75.8187413938632,2.94305437627893,40.7257456388669,1782.25681471508,37.52974299254,0
98.1465856667351,3.30780176889206,24.0620079048524,2256.55289908804,36.4165984797878,1
56.3273480740825,1.28983160734337,31.5491035511351,1870.22666120804,33.5245819436484,1
81.8626019037451,1.65181457789429,33.1688844046605,2369.40524044375,47.4419197149994,1
58.8728412881035,3.74326409402272,32.0689954872575,2307.68374200653,38.187758267819,1
70.2806813421057,3.17086543812794,29.0735617056115,1532.2806489777,33.5062696167857,1
85.8895059696737,2.81601666364732,29.3508965013329,2542.99105808752,53.2130403227301,1
75.6428001909546,3.01843393306539,30.2190573598955,1732.01827744298,54.1960300451364,1
64.2225522207069,3.34758170536167,29.2649899918576,2404.02889914057,33.995764342613,0
67.8469629074003,2.46024031969064,34.8193955839746,2183.64365670067,21.3346004863938,0
81.7959774893468,2.22169527459769,41.0526150079568,2919.09183839756,50.0751368983692,0
67.6963336828286,3.19584525509768,27.2125410749608,1888.26700881407,33.1537017424,1
77.1645858958198,2.02162722238497,23.1509851021046,1825.3416019409,47.9062559916277,0
75.4557183990381,3.40825275571447,29.5585897582437,1990.29019705613,20.2989618228816,1
68.4839965239418,1.29741639576216,42.8985466882716,1848.41010858286,48.9259733829931,0
96.4394408932533,4.02915563732564,25.9816271601513,2399.97095097103,27.8882807071922,1
81.3391902231801,3.47259748241304,38.1955840272203,1191.84469578171,47.3076411906652,0
54.7485741334239,3.25602973431388,38.3885040703822,1473.15879042682,40.1427306783643,1
76.8645431476943,3.98269098394551,27.23205879146,1466.0985392104,30.4606058060336,1
68.3821353523161,4.66547444446258,32.8449153959264,2475.15379598679,35.9296368707322,1
83.5243333479622,4.01437006501813,38.1419831156427,2855.30668629096,46.863184569567,1
67.074792615673,1.15912576866835,28.1043612950626,1947.77539073126,41.0589445311523,0
73.852635585331,1.7204230332643,28.9820981994882,1915.58913840499,45.8441298047248,0
80.0498727898046,2.37518142230432,27.0915954302568,2035.02608155659,59.7644058451549,0
83.6575519417012,3.02609105021083,24.9262163465357,2580.9391513041,24.3575838828895,0
62.9970359294422,3.51765902046912,26.75361227467,1536.32343290471,56.1721257496862,1
71.6549876415905,2.27425618684653,23.8802986661887,2119.18449136739,41.0435593752321,1
70.2505468883904,3.18676676447708,30.1704173412961,2487.59881489121,31.0121595167687,0
68.4667076742629,2.24461706764668,26.1501338447068,2250.54708496992,26.6968637426101,0
92.654542402811,2.38848219700805,31.1689295589537,2094.79080829937,38.1087960922297,0
79.0498171096096,1.59333890315178,22.2205217689819,2500.52304628357,49.2165011192446,0
62.3911604566495,2.0767667538891,31.6544011610723,648.383853500382,38.7245087962247,1
84.1786194705478,1.64831539438367,34.1676448080446,2338.93765976545,55.1115493024735,0
96.2215619701263,2.02412674702267,20.0313217871427,1672.96215843629,25.4882430994844,1
85.3246526055115,4.05364179660784,31.8702828492379,1084.68355157177,39.8791105215395,1
59.8063003404599,2.05060111116806,36.1383449623665,2255.60129976249,27.4760655558688,0
70.1576592713375,5.63238206483739,23.951794906544,2686.82927258148,43.6363188262497,1
87.6691114918662,3.49331790088089,38.3628619341885,1931.27574268615,48.868873900973,0
67.9233053438122,3.18483612369487,32.0950950468302,2476.43727360147,35.7923820631895,1
79.4381942814623,2.14164221981879,26.474940721208,2806.13912899432,13.9578614337287,1
82.7463405342934,3.70030987940899,29.7211546117115,2657.45722679202,41.9894814679649,1
65.7306952842192,2.42436217376223,32.7916345626086,2819.9822646857,44.3673855173351,0
74.404746439382,3.12200981464536,30.3800269570621,2371.06374553595,44.042947549617,0
42.5873265993093,5.5600845382688,32.6937799622318,2037.7168194508,52.3578219182215,1
64.7561235866571,2.90394010027535,25.3966320346032,1199.01709405142,29.2894632035095,0
72.4743184860684,4.14927332628568,30.8468041201804,1876.96875593503,46.8021610545045,1
62.5221681803515,2.29682357487411,22.9314275154751,1578.3767023419,51.9250751247798,1
91.3241130393164,2.96501150950304,29.4438696932565,3085.47135874891,22.2141241599348,0
60.6985862203937,4.77080063563551,25.4804617926761,1912.05709378383,43.1965182591898,0
70.5995551330302,2.37303294221223,26.3223502870512,2061.60240339224,34.9582016899233,0
76.3074057728609,4.81244855799693,36.1804658760522,2275.74268802023,39.1847732689835,0
89.4127328906612,3.70775193545548,35.4565506029714,2021.80122318623,43.4767648353834,0
60.6413784882056,2.43753322410573,33.0456906045359,2847.52552021538,35.1277143588645,1
86.6316375215496,3.63240773905552,24.5384361766371,1688.67531913277,33.2429192083839,1
75.1023306101959,3.97255444962673,28.417957751526,2097.30372761862,40.3415241748803,0
65.1849134895205,3.6218099622172,36.0654884998959,1628.76470715098,29.127540611372,0
79.6210347426327,1.42977528010954,30.7085845681995,1339.98874438965,29.1417487111481,0
76.9905969557347,2.27286282417513,41.5966476999085,1694.11545454736,46.793732829565,1
68.9978312284121,2.7524813644485,31.9665891969719,1981.48160147579,28.5120596484134,1
75.6980208499002,2.92556657089995,30.9602455824502,1785.34888774137,46.6631250090921,1
71.1468640313824,3.62067209755068,28.4544176789875,1653.78951006307,44.6259129285395,0
76.1351734525125,3.17770100093325,30.6677045239114,1296.84126816408,22.741932712094,1
81.6213067452105,1.6646556412899,29.2376508180973,1958.44721368565,33.2243534766435,1
90.8601681614535,3.38019785100596,33.540543383443,1247.6398129845,51.9410940304737,0
62.6218450117315,3.61058574528382,34.7835115839729,2380.0279818448,30.1883446886032,1
96.3303337465627,3.55979044793104,26.0700526974603,2041.21987646725,35.3559573769061,0
55.479122004775,4.08078072555462,23.3438352322111,1271.22425026753,44.620608932519,1
73.4821490496442,3.8339221545489,20.8189731344835,1845.39546147507,47.833905092826,1
80.8831720648458,3.45918007922844,32.5399566345627,1623.92179720471,37.484611139555,0
77.8099186773503,2.92983428854135,24.4831669691306,2159.58725520959,34.0248980530836,1
68.7730048017941,1.33903906648401,19.2355470352376,2670.22522301157,54.2236986169851,0
72.9187774964273,3.42961821913259,31.9428930226548,1062.41376517713,57.3889966379758,1
70.0699906534117,3.20768768716311,42.464997587164,2057.51303957371,49.788580507818,1
69.1063524305579,3.27157883719537,29.9696454423005,1919.93360221668,40.8531814256502,1
83.4960209702103,1.72325142417969,34.1924538722582,2335.67003822523,31.9173427835907,0
78.5701548596505,1.91894345959174,30.4091467927378,2106.59831411884,31.6955559344343,0
68.0709040473935,4.0531528533329,29.5055517340443,1624.01533413059,45.2251410526576,0
83.9959987543325,2.96044484614335,34.5953824149388,1840.47303216669,44.1839822088868,0
78.0729952087661,3.68150069737262,28.5486272790567,1601.98707159826,54.0159859294643,0
83.1286211883896,3.02831837613046,31.3369615703595,2538.0035692993,46.5045009253614,0
81.2962884192361,3.02975613949575,31.6084890309801,2010.65582433597,24.9691969824018,0
66.7100498907793,3.938283805976,26.6595477317848,2950.5953428765,50.5194761772292,1
69.3981895980303,2.48395527178263,34.9602117476826,1969.66959309269,30.0193937268559,1
82.4729360512326,3.09612077694098,29.125201216523,1645.79661654477,36.1602872804765,0
81.1037026543347,2.53772471129496,26.2212742025358,1243.14280369359,42.5020020625169,0
74.7909840603585,2.56550377256768,32.682549217852,1098.43016187203,59.9566748978397,0
76.1732738330878,2.69082787653136,25.5076600910448,1207.93202849726,71.0991855600536,1
87.7766489578843,3.22213377163371,30.1409057868456,2133.56332550574,46.0672305913618,0
69.0842861116417,2.52125137833652,29.954405016779,2254.36251161497,38.1680338127961,0
80.4709738117004,4.25575612557352,35.4294778291579,1209.40464898393,45.3450564848055,0
72.9780734756611,2.1053926977805,32.3734911643998,2447.51915703806,48.8765542587384,1
72.8231879677278,2.81312835583864,29.8748652062743,1758.46947415828,36.7933237444281,0
85.9877685198719,2.56026894172583,34.0888314960014,2073.39650599277,57.9521135591232,1
83.2541634898803,4.44697788435373,36.9510377450866,2806.11031412771,42.300707591914,1
83.1350963600064,3.19655477651157,32.7890515317593,2448.41965793277,44.9774308909139,0
88.0547880715433,4.03184453946864,30.0517630992169,1865.73467604708,46.6592425205446,0
75.2100384163276,1.51443962696303,23.4408188382492,1554.40388729236,44.2158661061446,1
81.8195297129497,3.26705026586926,24.6744316846231,924.092299335347,48.3894050046961,1
71.8973324340654,3.88963079562344,28.4738764782267,1640.42334037879,33.8274681345308,1
78.2416635248844,3.08228398927542,26.9524389892036,1894.43488058615,34.4169824605397,0
73.6985694563232,4.06548037506535,29.0651434850728,1506.41023642441,28.9984576702831,0
75.9699596499272,2.48271154989963,30.2832496244855,1934.37151645385,44.3950123062023,1
80.9515702543691,4.40934744018558,32.6484637717837,2038.42594147938,47.7893650351211,0
66.8177931676653,5.29889812361925,29.6475061097045,1887.57200909596,44.5777286615189,1
95.9238727568546,2.63716143956034,32.432508219131,1674.99870958827,56.7449243334754,1
64.939826185003,2.55449747859923,30.3223720740506,2084.32733598336,39.9440398117095,0
62.8581138721227,4.4533844771177,20.1226671682306,2220.9703247847,46.6874165559251,1
86.5811087350007,4.57957214573071,25.3033230309062,1454.80046127858,29.0829912386069,0
82.9166269396294,2.47713997284673,29.2795622213919,2705.46618987314,36.129002975256,0
81.2411981705216,2.57981318290414,23.9515262857945,1950.70593385787,46.9553775756578,0
81.2834550926428,2.71821539113949,32.999643649981,2009.42481147242,48.4910211074314,1
74.8775322715309,1.65554948896572,37.6537541617185,2354.10721162828,37.0603305233582,0
66.0274562851417,2.0813480535158,36.0938092584866,2116.60806563175,39.2840074814193,1
75.7580455819373,1.99585923324793,28.932785645349,2476.56831695662,24.8212625331919,1
68.2283828848789,2.23220243489587,37.4536306842498,2143.56208260091,36.4297079919339,1
84.7511973341775,2.96531511261322,30.7433372860106,1693.78131267978,48.9038316351979,1
73.5294261849786,3.23421473253652,28.3145701444098,2180.75176260305,45.7520501610657,0
66.7450280320749,4.55050049281408,26.9329866822953,1428.13689633967,45.0066572138121,0
71.7861415834701,2.00164595926121,28.4876515675594,2054.27985288826,40.4977368718096,1
79.1293145427563,3.98432239847658,28.0591159072939,1983.38500467777,40.0706315862818,1
69.3627544719603,2.78601115577449,30.8520811118774,1895.94157136373,33.3967886052655,1
66.7777960443357,2.95053629034757,30.8028699052493,1935.73124428053,46.9882842020254,1
77.4368721149191,3.6748194921666,30.0152301007671,1059.07547725118,44.2097294438939,0
77.4496657110872,1.8772779784377,32.1846908487318,1725.63754612952,44.920188479928,0
69.9305682462887,3.38240974618405,35.9532313739317,2046.42245057056,34.7396515733242,1
70.2896169438168,3.16645220821306,34.7477706772066,2079.9281959987,18.4665708012876,1
77.3204993735764,3.49245126400815,22.5755101577505,1486.16242953702,50.971527117537,0
60.5191565850268,3.28916864390782,17.2303943254902,2632.85392043235,35.211625439916,1
60.9253622562345,5.4553001399109,34.6715995561964,1566.91257589275,31.3722423595688,1
67.8155577874756,2.36226001574868,23.1656065079229,2484.72860026337,46.9347891191399,0
72.8655284828815,2.46900304499818,28.8761729905366,2213.59718093584,36.0798736008087,0
78.1090756559801,2.37685947357524,24.1494348697032,1676.8863450781,50.5993638404662,1
89.7535621694955,2.44452288083975,20.9900978120999,2887.65544630476,46.170059495767,1
83.5765962320202,2.36261287269348,32.7073136410239,1403.18158412176,46.8356932320048,0
73.4006147003657,4.18901653110755,33.7957758015132,2459.577086805,26.3404428879947,0
74.8098379209731,4.42050424798986,27.1174479963664,2500.29115902149,52.119439853864,1
64.9747063536219,2.42925370625052,17.0447885392755,1664.68989546168,42.6125053123386,0
74.8148686400761,2.16764442689577,27.2687777587376,2696.23265003216,36.307228607538,1
72.1134136107986,3.4714155563864,31.9590200270127,1874.97674270052,41.4338846734225,1
78.2271856033809,2.44777695571903,22.6054421561294,2144.34681463993,22.2376476710168,1
66.7276905644768,3.63293181775551,30.9167995988958,2130.16091938561,44.0865281148067,1
80.1934651424117,3.2029230208513,29.923450754135,1932.84562926473,29.7062849181793,0
90.3273891300258,1.48425588500277,32.8964574980054,2405.40413657989,26.4732971415647,1
73.9123985154314,4.54750520133006,30.5979018420708,2396.74436027611,24.7764081378211,1
79.0171172209894,4.79587767309552,25.1346552955922,1125.73401338091,51.1268837498993,1
81.9014399171111,2.38721130951561,35.9828575083225,2652.17012143908,33.7073660630721,1
70.9877952811416,2.61229844006402,29.2073521348652,1168.75400598216,55.337277099165,0
77.2409248181042,3.28586539072491,29.8634773024503,2516.27310217083,34.641985369477,0
75.1259240078179,3.33445678998703,25.333660204634,2563.35256841379,22.9264204240705,1
75.9767609854883,3.65854427267283,27.7835887440424,1454.5167848924,28.8347556005134,0
67.2699021614453,5.01020453876635,25.5759864298655,1794.59285602271,52.3581162000694,1
75.2451017425894,2.82305277250595,29.1352697003829,1447.14766575703,38.4410182206333,0
79.9799829124545,2.20170275546155,38.5585424007117,1892.53948485563,34.517127035094,1
89.5114360779504,1.62068077198547,23.1404942853432,1845.98285790713,41.6001822585279,1
84.5927082608521,2.26906996005808,21.9321930106163,2389.83026613467,45.0178273616755,1
96.5318245751156,2.9668730271262,37.355851637468,2655.1543730598,51.1739881590246,1
67.3265243711195,4.79455786351779,28.9533816142407,2697.84190539498,54.4849922989293,1
83.7232063672068,2.48238870096383,26.6546363067004,1718.91598671085,36.4023135421091,0
76.8334200573835,3.2237879516389,35.1995234369804,1895.38906312774,26.7395231391796,0
96.8980293321767,2.98357710392725,26.9719223013157,1158.28090388952,35.8653483887672,0
66.9170171464485,4.18839327344808,39.1300485677347,1597.06496675191,42.6028050658289,1
66.6027815781922,5.52693242587362,33.3896293566964,2482.42581654873,30.3624107378939,1
69.0060735455598,2.46913122707968,27.5604429592715,2807.79141177412,30.4284908510496,1
53.7610427569019,2.51056055748178,40.7865410663275,1382.82556406004,43.4378788154989,0
69.7424497831924,4.04416087706907,26.9714253849833,1703.76787042355,39.5134764842955,0
67.408673384463,3.68189148962631,33.7104768600465,1986.79712152054,40.3279699541159,1
76.5039378647621,4.84670732573603,31.4964629020325,2140.0805794098,32.4150466529993,1
78.4175597577716,3.58392818532596,36.508706446994,1595.19824003918,37.6959928579423,1
93.7617083921589,2.64070790921294,37.8075559836343,2212.03052223205,30.757668557317,0
84.5042383818605,3.59065483069231,30.1600207453288,1763.08032646454,48.9019841112479,0
69.230963443376,4.10870358058291,26.2329106482691,1992.77386456086,50.3524933472375,0
66.0158532865164,3.82048218119736,32.2998607146956,2273.14212400185,21.5381213776191,0
79.9191917150651,3.5072740311073,26.6114231512395,2003.21113490547,30.7048913980759,0
61.7976679297936,4.06667468958915,40.0669362376331,1781.80705473672,25.0347074490992,1
93.3145876585435,4.16929559044567,30.6826766554137,1945.19509803708,33.499760655931,1
86.7944012072129,4.38215899103753,28.1733922434395,1955.81852039733,39.1656203020964,0
70.308243478953,3.64870988758964,30.9234015293245,1814.99448505894,25.5035478030147,0
57.8686547090912,2.83288191968315,23.2643685523515,1870.60196866645,30.7814018687469,1
88.5387237416541,3.14671368643332,25.1419298074467,2799.32358525236,29.960426279185,1
73.8546015474738,4.20650896650836,36.0020695397221,2280.45972397062,42.0726732939894,1
87.3781631197346,2.18306432901276,26.715528605143,1852.25984098542,40.6934433703625,0
59.0557234120563,3.3686733088729,24.7654450865903,2348.47720225537,32.7826244666275,0
69.0062497704623,2.60666118767264,32.6832637626364,1833.090255122,41.768208721394,0
75.0524369971818,3.02874482293482,35.928520773315,2586.56231879332,34.5331991541273,1
75.4698059376474,4.2784518626073,33.5947665533253,2184.82109609905,37.2834488967395,0
70.4993452852076,3.1910990680199,34.9802384290291,1946.34892799789,56.7345209029854,1
81.228499323475,3.04643654815615,26.2160245571527,2223.85846290514,53.4046105179035,0
64.3237957061741,1.64014385902008,22.8909466662908,1214.56192396575,27.004187630724,0
73.5762051497871,3.74625356602722,37.5066682597774,1436.6162655451,48.2973241787918,0
76.202956317119,3.64548418114108,28.3866008057893,1403.03749680047,48.1139655449159,0
80.1443883405875,5.16325472330546,28.7458349177248,2071.47154738185,28.5173671124738,0
82.1161487808889,2.692221765047,36.6409707092453,2866.25749974255,48.1877764375486,1
63.7535790816213,3.21915032766394,32.7811500470033,3115.65007309632,55.3793191841255,1
59.6588582926438,3.24938368371076,32.279438860408,2319.02555072038,28.7745519375559,0
87.7767682189851,4.57745327976348,40.8250117245054,2250.42223747223,30.8249717898574,1
78.3231401197959,2.90470446761305,26.7824088480993,1099.47113292363,50.176614668435,0
67.5151346344345,3.27902152577034,34.6392006404062,1728.66310013299,42.7149531082565,0
90.5115197552252,3.60789650971654,30.2850656244854,1606.10812404588,45.5147627523952,1
76.1567463429286,3.18660912315636,31.3429613943163,1689.57620087444,43.405892164005,1
86.7929718406383,2.55356638544947,37.6423421320627,1915.92809070761,43.9069592092814,1
75.6751848141011,3.19408999289831,32.5391787814481,1763.95471115144,26.7352787168892,0
95.6074792488199,4.07363174985977,32.6914803952482,1010.35009481211,50.4731770662145,0
92.553408424432,1.97348470058894,35.362536686549,2373.95512805877,51.6958999242777,0
72.5103585152093,3.13296967414688,28.1752363522856,1463.6284871301,37.7060925593197,0
84.7157095095436,2.29987918506083,25.803951663305,2119.62343205558,39.5652305018614,0
81.4537594958515,4.19504662892484,24.7759540298948,3037.04133487499,24.6889249744428,1
88.6863155753235,1.47681309521623,20.16821705312,1540.30770420679,45.1425475601784,0
65.350765394199,2.44107815272841,40.2810356497016,734.856238626835,45.7205744171414,0
81.8605145999844,3.37721187506452,24.4839581713916,1856.99788905994,39.3780898300069,1
85.5842448684959,4.56552402923434,28.8937318820711,2550.47981749929,51.243533598705,0
57.4126051357689,2.93424973892701,28.6159335005554,2979.1737271103,36.6592276902006,1
63.1674148733423,2.4448004733068,31.5370334890455,1385.22520277379,45.646059258936,1
54.607678222399,4.88115706944059,34.0786860626965,2248.34961161826,29.8033566130788,0
72.3059316555544,1.55198609958376,34.3023674417987,1767.34477160997,39.7644784912576,1
82.1754225579596,0.801194043379918,27.0846128071553,1947.02582284793,38.2564574209716,0
90.0235705209603,3.44001445005333,29.1643914310679,3322.17167350852,42.2530792204094,1
75.7409478041978,2.49794577564739,31.4128997524415,1248.51483580242,36.3047307116664,1
91.2861554557129,1.97876718286929,28.7565443690823,2126.86983074729,38.6852740432833,1
61.1989854178511,3.70835644729935,38.0367278801,2233.84658588272,48.2604717144151,1
57.9661756064485,3.2438007137712,32.4548747581913,2542.89316246967,35.6323576276178,1
74.4445230110338,2.43592136926327,33.6743889302491,2048.99157673545,23.9342289926132,0
78.8406544893931,1.71969560132911,33.3144063433371,2154.02526975205,57.4958390420542,0
74.6730525190591,3.87245732828014,35.8673692874266,1804.1757162891,53.8145407869049,1
54.3255789996012,3.65020117795866,30.9051077935185,2134.56347062255,27.0773730489438,0
74.1087996048721,2.90082413622062,23.5158402602208,1828.40386225129,46.8970780524519,0
61.9553049949515,4.84663699604767,31.9984397587632,2310.78594492803,34.9702522944866,1
81.6967254883004,1.92991523367385,26.7432155310409,1815.19483197818,42.6348721533106,1
78.6659824609685,1.47447482907526,27.3569165912512,2188.55019695109,42.9422412901349,0
65.6012021367264,2.30809193011876,32.9318200937755,1985.36859315751,37.6559219968368,0
69.8613308266331,2.9544139836445,36.1914153571682,2563.02512538608,32.162343344136,1
64.4078647811105,3.24333944932269,30.1063578836803,1974.30313820576,33.0945894768374,0
74.3732090272683,2.75876394214367,31.5441650629948,1113.48376589656,30.8380808451876,1
84.5514232050124,3.3520553965143,38.5110747231762,2630.960750357,31.6817779176956,0
65.1427395366446,1.74846057580956,31.2037658974428,1547.13384956869,39.3282170995064,1
80.0404651551784,4.44376460407326,43.008415570902,1673.11683067559,32.8424001088925,1
69.6974238162756,2.91784882160743,32.8275482281577,1702.16935297825,46.8205206571262,0
67.0712716773766,4.11729583158813,21.1961862042209,2687.21904658541,54.8724615533593,1
73.9296964004544,3.3427253463777,33.7667081055227,932.162893010652,34.1994675862996,0
64.6475767758063,3.45675321915378,31.9057919244139,3568.87426683,42.3940450053538,1
69.4635069465282,3.5697672802322,36.4487637704137,2528.02840453303,44.9968511030293,0
63.0212210741115,3.44770856001731,33.3659067563498,2111.61945706458,44.7200227091928,1
94.6472513291639,3.64272275986754,29.3077200800811,1972.55299969186,40.7595526791609,1
75.3526355197173,4.32915253013243,23.8785088185532,2142.77703742883,47.4268241835972,1
68.0027449200742,3.19652116970147,28.9548837135699,2260.56121418967,44.8224895268066,1
77.1397991073422,3.70900375758851,25.7473977289535,2322.60779297503,27.623375776727,0
73.8767195030917,2.91026430571277,27.0973827509764,2277.80223300172,48.6915606438927,1
72.7903040046678,4.44011721544947,32.942892022103,2044.79034062762,48.8729083726674,1
81.1416670004343,2.32360769794073,38.349522521757,1901.33078984634,32.3671389582142,1
82.5750771004731,4.80094043291082,31.9733576491149,1924.36335817324,40.379378354476,1
69.6949885238947,2.95984204935566,24.0205846898241,1902.54585982366,46.8332899281107,1
69.2418175935532,1.56922489788195,32.2230133411007,2566.88504843353,37.9068618042064,1
72.2494830284836,3.12810441491079,35.9831574332283,2296.77836114043,50.7297804776601,0
51.9807883526442,2.31894834252512,26.9510854784031,529.80568266786,63.6387249461936,1
59.8480893780145,3.84064354898872,29.3299141666354,2327.95038826488,32.1401396736502,0
88.6687426744452,2.34737602069761,30.073440973646,2097.36809735939,26.1895539684623,1
91.4496771350128,2.55381656678522,26.0755084345888,1990.64562177705,43.0381859560488,0
72.5096396044362,1.11045926905447,33.2414021692193,1805.74077345556,47.2156250512614,0
80.7655696305577,2.54769368075092,29.3952592569611,2562.05635999301,37.6913362615523,1
78.1125015454354,0.576120673371043,32.0976622195351,2473.76323106143,54.5326066332103,1
105.788808084552,1.41609717651428,25.5625391109895,1613.5611660882,26.6139420027675,0
86.1957491143458,3.7604146561443,27.8127084983829,2203.52614356227,46.9291862303161,1
73.7208240851923,3.78580015865083,33.6119067891389,1514.17163272936,33.9413917924111,1
65.4445955939957,3.42545756178497,28.1358342395412,1310.19091760553,57.193779062073,1
58.9355367974243,2.03302385687079,38.634819256167,1686.64138770502,59.9251535316812,0
77.0346363586722,2.95228864385802,28.001819071927,2431.19673619138,32.3334341221665,1
67.436492547157,2.99639746090943,31.1234236287594,2476.56252268804,34.5044286409142,1
60.7774629040233,1.84163531080746,34.6629541593655,2256.54271004865,48.595878869798,1
68.5342711575747,4.50339830176715,22.9081713353348,2362.547893424,36.1286935021049,1
64.1845199638561,3.87736229057567,21.1959559400961,2258.08914355748,39.5458878206776,1
91.8714163507256,2.77903582617034,22.3717184271495,1679.25920238852,40.2538842054241,1
83.8163975694945,3.02688583899453,36.3129205171359,2215.96127233697,20.8032684380234,1
74.9202735868338,3.20838280794755,27.2407092705378,2400.20476261384,39.8616225390576,1
89.7994413889003,0.958265131575709,42.7909964283413,2377.14566490679,33.1027222593583,1
75.7736830764762,2.7528226174794,27.1787620067131,2594.45668573732,35.0687717760023,1
66.3871579867174,2.3180157520022,30.9227565159852,2354.15192360053,54.4363200346881,1
90.2312407726966,1.99837999010508,37.7105497628394,2175.72410377079,27.4349310572074,0
80.3891004368466,2.71889970711405,40.0304644407956,2535.07511915821,48.1320518674798,1
64.6275384567354,4.79768652684952,40.307517883182,1986.73937037547,37.2103706966819,0
73.0966132191639,3.64084286126701,36.0418311529657,1559.06267438614,37.2023983150417,0
66.2438174661524,2.4288210102172,35.1203126290573,1918.46651802812,47.9037189605171,0
61.1720026903566,3.57258278135616,32.9626347460059,1627.54867759678,43.4005129456889,0
